[
  { "id": "asia-seoul", "country": "대한민국", "city": "서울", "region": "Asia", "tz": "Asia/Seoul" },
  { "id": "asia-tokyo", "country": "일본", "city": "도쿄", "region": "Asia", "tz": "Asia/Tokyo" },
  { "id": "asia-osaka", "country": "일본", "city": "오사카", "region": "Asia", "tz": "Asia/Tokyo" },
  { "id": "asia-nagoya", "country": "일본", "city": "나고야", "region": "Asia", "tz": "Asia/Tokyo" },
  { "id": "asia-shanghai", "country": "중국", "city": "상하이", "region": "Asia", "tz": "Asia/Shanghai" },
  { "id": "asia-beijing", "country": "중국", "city": "베이징", "region": "Asia", "tz": "Asia/Shanghai" },
  { "id": "asia-hong-kong", "country": "홍콩", "city": "홍콩", "region": "Asia", "tz": "Asia/Hong_Kong" },
  { "id": "asia-taipei", "country": "대만", "city": "타이베이", "region": "Asia", "tz": "Asia/Taipei" },
  { "id": "asia-singapore", "country": "싱가포르", "city": "싱가포르", "region": "Asia", "tz": "Asia/Singapore" },
  { "id": "asia-bangkok", "country": "태국", "city": "방콕", "region": "Asia", "tz": "Asia/Bangkok" },
  { "id": "asia-jakarta", "country": "인도네시아", "city": "자카르타", "region": "Asia", "tz": "Asia/Jakarta" },
  { "id": "asia-kuala-lumpur", "country": "말레이시아", "city": "쿠알라룸푸르", "region": "Asia", "tz": "Asia/Kuala_Lumpur" },
  { "id": "asia-penang", "country": "말레이시아", "city": "페낭", "region": "Asia", "tz": "Asia/Kuala_Lumpur" },
  { "id": "asia-manila", "country": "필리핀", "city": "마닐라", "region": "Asia", "tz": "Asia/Manila" },
  { "id": "asia-cebu", "country": "필리핀", "city": "세부", "region": "Asia", "tz": "Asia/Manila" },
  { "id": "asia-ho-chi-minh", "country": "베트남", "city": "호치민시", "region": "Asia", "tz": "Asia/Ho_Chi_Minh" },
  { "id": "asia-phnom-penh", "country": "캄보디아", "city": "프놈펜", "region": "Asia", "tz": "Asia/Phnom_Penh" },
  { "id": "asia-vientiane", "country": "라오스", "city": "비엔티안", "region": "Asia", "tz": "Asia/Vientiane" },
  { "id": "asia-dubai", "country": "아랍에미리트", "city": "두바이", "region": "Asia", "tz": "Asia/Dubai" },
  { "id": "india-delhi", "country": "인도", "city": "델리", "region": "Asia", "tz": "Asia/Kolkata" },
  { "id": "asia-mumbai", "country": "인도", "city": "뭄바이", "region": "Asia", "tz": "Asia/Kolkata" },
  { "id": "india-kolkata", "country": "인도", "city": "콜카타", "region": "Asia", "tz": "Asia/Kolkata" },
  { "id": "india-bengaluru", "country": "인도", "city": "벵갈루루", "region": "Asia", "tz": "Asia/Kolkata" },
  { "id": "india-chennai", "country": "인도", "city": "첸나이", "region": "Asia", "tz": "Asia/Kolkata" },
  { "id": "asia-jerusalem", "country": "이스라엘", "city": "예루살렘", "region": "Asia", "tz": "Asia/Jerusalem" },
  { "id": "asia-tehran", "country": "이란", "city": "테헤란", "region": "Asia", "tz": "Asia/Tehran" },
  { "id": "asia-kabul", "country": "아프가니스탄", "city": "카불", "region": "Asia", "tz": "Asia/Kabul" },
  { "id": "asia-baghdad", "country": "이라크", "city": "바그다드", "region": "Asia", "tz": "Asia/Baghdad" },
  { "id": "asia-damascus", "country": "시리아", "city": "다마스쿠스", "region": "Asia", "tz": "Asia/Damascus" },
  { "id": "asia-beirut", "country": "레바논", "city": "베이루트", "region": "Asia", "tz": "Asia/Beirut" },
  { "id": "asia-almaty", "country": "카자흐스탄", "city": "알마티", "region": "Asia", "tz": "Asia/Almaty" },
  { "id": "asia-baku", "country": "아제르바이잔", "city": "바쿠", "region": "Asia", "tz": "Asia/Baku" },
  { "id": "asia-tbilisi", "country": "조지아", "city": "트빌리시", "region": "Asia", "tz": "Asia/Tbilisi" },
  { "id": "asia-karachi", "country": "파키스탄", "city": "카라치", "region": "Asia", "tz": "Asia/Karachi" },
  { "id": "asia-dhaka", "country": "방글라데시", "city": "다카", "region": "Asia", "tz": "Asia/Dhaka" },
  { "id": "asia-colombo", "country": "스리랑카", "city": "콜롬보", "region": "Asia", "tz": "Asia/Colombo" },
  { "id": "asia-kathmandu", "country": "네팔", "city": "카트만두", "region": "Asia", "tz": "Asia/Kathmandu" },
  { "id": "asia-yangon", "country": "미얀마", "city": "양곤", "region": "Asia", "tz": "Asia/Yangon" },
  { "id": "asia-astana", "country": "카자흐스탄", "city": "아스타나", "region": "Asia", "tz": "Asia/Almaty" },
  { "id": "asia-ulan-bator", "country": "몽골", "city": "울란바토르", "region": "Asia", "tz": "Asia/Ulaanbaatar" },
  { "id": "asia-ashgabat", "country": "투르크메니스탄", "city": "아슈하바트", "region": "Asia", "tz": "Asia/Ashgabat" },
  { "id": "asia-tashkent", "country": "우즈베키스탄", "city": "타슈켄트", "region": "Asia", "tz": "Asia/Tashkent" },
  { "id": "asia-yerevan", "country": "아르메니아", "city": "예레반", "region": "Asia", "tz": "Asia/Yerevan" },

  { "id": "europe-london", "country": "영국", "city": "런던", "region": "Europe", "tz": "Europe/London" },
  { "id": "europe-edinburgh", "country": "스코틀랜드", "city": "에든버러", "region": "Europe", "tz": "Europe/London" },
  { "id": "europe-manchester", "country": "영국", "city": "맨체스터", "region": "Europe", "tz": "Europe/London" },
  { "id": "europe-reykjavik", "country": "아이슬란드", "city": "레이캬비크", "region": "Europe", "tz": "Atlantic/Reykjavik" },
  { "id": "europe-paris", "country": "프랑스", "city": "파리", "region": "Europe", "tz": "Europe/Paris" },
  { "id": "europe-lyon", "country": "프랑스", "city": "리옹", "region": "Europe", "tz": "Europe/Paris" },
  { "id": "europe-berlin", "country": "독일", "city": "베를린", "region": "Europe", "tz": "Europe/Berlin" },
  { "id": "europe-munich", "country": "독일", "city": "뮌헨", "region": "Europe", "tz": "Europe/Berlin" },
  { "id": "europe-hamburg", "country": "독일", "city": "함부르크", "region": "Europe", "tz": "Europe/Berlin" },
  { "id": "europe-madrid", "country": "스페인", "city": "마드리드", "region": "Europe", "tz": "Europe/Madrid" },
  { "id": "europe-barcelona", "country": "스페인", "city": "바르셀로나", "region": "Europe", "tz": "Europe/Madrid" },
  { "id": "europe-rome", "country": "이탈리아", "city": "로마", "region": "Europe", "tz": "Europe/Rome" },
  { "id": "europe-milan", "country": "이탈리아", "city": "밀라노", "region": "Europe", "tz": "Europe/Rome" },
  { "id": "europe-amsterdam", "country": "네덜란드", "city": "암스테르담", "region": "Europe", "tz": "Europe/Amsterdam" },
  { "id": "europe-brussels", "country": "벨기에", "city": "브뤼셀", "region": "Europe", "tz": "Europe/Brussels" },
  { "id": "europe-zurich", "country": "스위스", "city": "취리히", "region": "Europe", "tz": "Europe/Zurich" },
  { "id": "europe-vienna", "country": "오스트리아", "city": "빈", "region": "Europe", "tz": "Europe/Vienna" },
  { "id": "europe-stockholm", "country": "스웨덴", "city": "스톡홀름", "region": "Europe", "tz": "Europe/Stockholm" },
  { "id": "europe-oslo", "country": "노르웨이", "city": "오슬로", "region": "Europe", "tz": "Europe/Oslo" },
  { "id": "europe-copenhagen", "country": "덴마크", "city": "코펜하겐", "region": "Europe", "tz": "Europe/Copenhagen" },
  { "id": "europe-helsinki", "country": "핀란드", "city": "헬싱키", "region": "Europe", "tz": "Europe/Helsinki" },
  { "id": "europe-tallinn", "country": "에스토니아", "city": "탈린", "region": "Europe", "tz": "Europe/Tallinn" },
  { "id": "europe-riga", "country": "라트비아", "city": "리가", "region": "Europe", "tz": "Europe/Riga" },
  { "id": "europe-vilnius", "country": "리투아니아", "city": "빌뉴스", "region": "Europe", "tz": "Europe/Vilnius" },
  { "id": "europe-warsaw", "country": "폴란드", "city": "바르샤바", "region": "Europe", "tz": "Europe/Warsaw" },
  { "id": "europe-prague", "country": "체코", "city": "프라하", "region": "Europe", "tz": "Europe/Prague" },
  { "id": "europe-budapest", "country": "헝가리", "city": "부다페스트", "region": "Europe", "tz": "Europe/Budapest" },
  { "id": "europe-athens", "country": "그리스", "city": "아테네", "region": "Europe", "tz": "Europe/Athens" },
  { "id": "europe-lisbon", "country": "포르투갈", "city": "리스본", "region": "Europe", "tz": "Europe/Lisbon" },
  { "id": "europe-porto", "country": "포르투갈", "city": "포르투", "region": "Europe", "tz": "Europe/Lisbon" },
  { "id": "europe-dublin", "country": "아일랜드", "city": "더블린", "region": "Europe", "tz": "Europe/Dublin" },
  { "id": "europe-moscow", "country": "러시아", "city": "모스크바", "region": "Europe", "tz": "Europe/Moscow" },
  { "id": "europe-saint-petersburg", "country": "러시아", "city": "상트페테르부르크", "region": "Europe", "tz": "Europe/Moscow" },
  { "id": "europe-istanbul", "country": "튀르키예", "city": "이스탄불", "region": "Europe", "tz": "Europe/Istanbul" },
  { "id": "europe-ankara", "country": "튀르키예", "city": "앙카라", "region": "Europe", "tz": "Europe/Istanbul" },
  { "id": "europe-kyiv", "country": "우크라이나", "city": "키이우", "region": "Europe", "tz": "Europe/Kyiv" },
  { "id": "europe-bucharest", "country": "루마니아", "city": "부쿠레슈티", "region": "Europe", "tz": "Europe/Bucharest" },
  { "id": "europe-sofia", "country": "불가리아", "city": "소피아", "region": "Europe", "tz": "Europe/Sofia" },
  { "id": "europe-belgrade", "country": "세르비아", "city": "베오그라드", "region": "Europe", "tz": "Europe/Belgrade" },
  { "id": "europe-ljubljana", "country": "슬로베니아", "city": "류블랴나", "region": "Europe", "tz": "Europe/Ljubljana" },
  { "id": "europe-bratislava", "country": "슬로바키아", "city": "브라티슬라바", "region": "Europe", "tz": "Europe/Bratislava" },
  { "id": "europe-malta", "country": "몰타", "city": "발레타", "region": "Europe", "tz": "Europe/Malta" },
  { "id": "europe-luxembourg", "country": "룩셈부르크", "city": "룩셈부르크", "region": "Europe", "tz": "Europe/Luxembourg" },
  { "id": "europe-minsk", "country": "벨라루스", "city": "민스크", "region": "Europe", "tz": "Europe/Minsk" },
  { "id": "europe-zagreb", "country": "크로아티아", "city": "자그레브", "region": "Europe", "tz": "Europe/Zagreb" },

  { "id": "america-new-york", "country": "미국", "city": "뉴욕", "region": "Americas", "tz": "America/New_York" },
  { "id": "america-washington-dc", "country": "미국", "city": "워싱턴 D.C.", "region": "Americas", "tz": "America/New_York" },
  { "id": "america-boston", "country": "미국", "city": "보스턴", "region": "Americas", "tz": "America/New_York" },
  { "id": "america-miami", "country": "미국", "city": "마이애미", "region": "Americas", "tz": "America/New_York" },
  { "id": "america-atlanta", "country": "미국", "city": "애틀랜타", "region": "Americas", "tz": "America/New_York" },
  { "id": "america-chicago", "country": "미국", "city": "시카고", "region": "Americas", "tz": "America/Chicago" },
  { "id": "america-dallas", "country": "미국", "city": "댈러스", "region": "Americas", "tz": "America/Chicago" },
  { "id": "america-houston", "country": "미국", "city": "휴스턴", "region": "Americas", "tz": "America/Chicago" },
  { "id": "america-denver", "country": "미국", "city": "덴버", "region": "Americas", "tz": "America/Denver" },
  { "id": "america-phoenix", "country": "미국", "city": "피닉스", "region": "Americas", "tz": "America/Phoenix" },
  { "id": "america-los-angeles", "country": "미국", "city": "로스앤젤레스", "region": "Americas", "tz": "America/Los_Angeles" },
  { "id": "america-san-francisco", "country": "미국", "city": "샌프란시스코", "region": "Americas", "tz": "America/Los_Angeles" },
  { "id": "america-seattle", "country": "미국", "city": "시애틀", "region": "Americas", "tz": "America/Los_Angeles" },
  { "id": "america-las-vegas", "country": "미국", "city": "라스베이거스", "region": "Americas", "tz": "America/Los_Angeles" },
  { "id": "america-honolulu", "country": "미국", "city": "호놀룰루", "region": "Americas", "tz": "Pacific/Honolulu" },

  { "id": "canada-toronto", "country": "캐나다", "city": "토론토", "region": "Americas", "tz": "America/Toronto" },
  { "id": "canada-vancouver", "country": "캐나다", "city": "밴쿠버", "region": "Americas", "tz": "America/Vancouver" },
  { "id": "canada-montreal", "country": "캐나다", "city": "몬트리올", "region": "Americas", "tz": "America/Toronto" },
  { "id": "canada-calgary", "country": "캐나다", "city": "캘거리", "region": "Americas", "tz": "America/Edmonton" },
  { "id": "canada-ottawa", "country": "캐나다", "city": "오타와", "region": "Americas", "tz": "America/Toronto" },

  { "id": "mexico-mexico-city", "country": "멕시코", "city": "멕시코시티", "region": "Americas", "tz": "America/Mexico_City" },
  { "id": "mexico-guadalajara", "country": "멕시코", "city": "과달라하라", "region": "Americas", "tz": "America/Mexico_City" },

  { "id": "brazil-sao-paulo", "country": "브라질", "city": "상파울루", "region": "Americas", "tz": "America/Sao_Paulo" },
  { "id": "brazil-rio", "country": "브라질", "city": "리우데자네이루", "region": "Americas", "tz": "America/Sao_Paulo" },
  { "id": "brazil-brasilia", "country": "브라질", "city": "브라질리아", "region": "Americas", "tz": "America/Sao_Paulo" },

  { "id": "argentina-buenos-aires", "country": "아르헨티나", "city": "부에노스아이레스", "region": "Americas", "tz": "America/Argentina/Buenos_Aires" },
  { "id": "chile-santiago", "country": "칠레", "city": "산티아고", "region": "Americas", "tz": "America/Santiago" },
  { "id": "peru-lima", "country": "페루", "city": "리마", "region": "Americas", "tz": "America/Lima" },
  { "id": "colombia-bogota", "country": "콜롬비아", "city": "보고타", "region": "Americas", "tz": "America/Bogota" },
  { "id": "venezuela-caracas", "country": "베네수엘라", "city": "카라카스", "region": "Americas", "tz": "America/Caracas" },
  { "id": "uruguay-montevideo", "country": "우루과이", "city": "몬테비데오", "region": "Americas", "tz": "America/Montevideo" },
  { "id": "ecuador-quito", "country": "에콰도르", "city": "키토", "region": "Americas", "tz": "America/Guayaquil" },
  { "id": "bolivia-la-paz", "country": "볼리비아", "city": "라파스", "region": "Americas", "tz": "America/La_Paz" },
  { "id": "paraguay-asuncion", "country": "파라과이", "city": "아순시온", "region": "Americas", "tz": "America/Asuncion" },
  { "id": "cuba-havana", "country": "쿠바", "city": "아바나", "region": "Americas", "tz": "America/Havana" },
  { "id": "dominican-santo-domingo", "country": "도미니카공화국", "city": "산토도밍고", "region": "Americas", "tz": "America/Santo_Domingo" },
  { "id": "panama-panama-city", "country": "파나마", "city": "파나마시티", "region": "Americas", "tz": "America/Panama" },
  { "id": "costa-rica-san-jose", "country": "코스타리카", "city": "산호세", "region": "Americas", "tz": "America/Costa_Rica" },
  { "id": "guatemala-guatemala-city", "country": "과테말라", "city": "과테말라시티", "region": "Americas", "tz": "America/Guatemala" },

  { "id": "africa-cairo", "country": "이집트", "city": "카이로", "region": "Africa", "tz": "Africa/Cairo" },
  { "id": "africa-johannesburg", "country": "남아프리카공화국", "city": "요하네스버그", "region": "Africa", "tz": "Africa/Johannesburg" },
  { "id": "africa-cape-town", "country": "남아프리카공화국", "city": "케이프타운", "region": "Africa", "tz": "Africa/Johannesburg" },
  { "id": "africa-durban", "country": "남아프리카공화국", "city": "더반", "region": "Africa", "tz": "Africa/Johannesburg" },
  { "id": "africa-lagos", "country": "나이지리아", "city": "라고스", "region": "Africa", "tz": "Africa/Lagos" },
  { "id": "africa-abuja", "country": "나이지리아", "city": "아부자", "region": "Africa", "tz": "Africa/Lagos" },
  { "id": "africa-nairobi", "country": "케냐", "city": "나이로비", "region": "Africa", "tz": "Africa/Nairobi" },
  { "id": "africa-addis-ababa", "country": "에티오피아", "city": "아디스아바바", "region": "Africa", "tz": "Africa/Addis_Ababa" },
  { "id": "africa-casablanca", "country": "모로코", "city": "카사블랑카", "region": "Africa", "tz": "Africa/Casablanca" },
  { "id": "africa-rabat", "country": "모로코", "city": "라바트", "region": "Africa", "tz": "Africa/Casablanca" },
  { "id": "africa-accra", "country": "가나", "city": "아크라", "region": "Africa", "tz": "Africa/Accra" },
  { "id": "africa-algiers", "country": "알제리", "city": "알제", "region": "Africa", "tz": "Africa/Algiers" },
  { "id": "africa-tunis", "country": "튀니지", "city": "튀니스", "region": "Africa", "tz": "Africa/Tunis" },
  { "id": "africa-dakar", "country": "세네갈", "city": "다카르", "region": "Africa", "tz": "Africa/Dakar" },
  { "id": "africa-kampala", "country": "우간다", "city": "캄팔라", "region": "Africa", "tz": "Africa/Kampala" },
  { "id": "africa-harare", "country": "짐바브웨", "city": "하라레", "region": "Africa", "tz": "Africa/Harare" },
  { "id": "africa-luanda", "country": "앙골라", "city": "루안다", "region": "Africa", "tz": "Africa/Luanda" },
  { "id": "africa-bamako", "country": "말리", "city": "바마코", "region": "Africa", "tz": "Africa/Bamako" },
  { "id": "africa-abidjan", "country": "코트디부아르", "city": "아비장", "region": "Africa", "tz": "Africa/Abidjan" },
  { "id": "africa-kigali", "country": "르완다", "city": "키갈리", "region": "Africa", "tz": "Africa/Kigali" },

  { "id": "oceania-sydney", "country": "호주", "city": "시드니", "region": "Oceania", "tz": "Australia/Sydney" },
  { "id": "oceania-melbourne", "country": "호주", "city": "멜버른", "region": "Oceania", "tz": "Australia/Melbourne" },
  { "id": "oceania-brisbane", "country": "호주", "city": "브리즈번", "region": "Oceania", "tz": "Australia/Brisbane" },
  { "id": "oceania-perth", "country": "호주", "city": "퍼스", "region": "Oceania", "tz": "Australia/Perth" },
  { "id": "oceania-adelaide", "country": "호주", "city": "애들레이드", "region": "Oceania", "tz": "Australia/Adelaide" },
  { "id": "oceania-auckland", "country": "뉴질랜드", "city": "오클랜드", "region": "Oceania", "tz": "Pacific/Auckland" },
  { "id": "oceania-wellington", "country": "뉴질랜드", "city": "웰링턴", "region": "Oceania", "tz": "Pacific/Auckland" },
  { "id": "oceania-fiji", "country": "피지", "city": "수바", "region": "Oceania", "tz": "Pacific/Fiji" },
  { "id": "oceania-port-moresby", "country": "파푸아뉴기니", "city": "포트모레스비", "region": "Oceania", "tz": "Pacific/Port_Moresby" },
  { "id": "oceania-guam", "country": "괌", "city": "하갓냐", "region": "Oceania", "tz": "Pacific/Guam" },
  { "id": "oceania-tahiti", "country": "프랑스령 폴리네시아", "city": "파페에테", "region": "Oceania", "tz": "Pacific/Tahiti" },
  { "id": "oceania-samoa", "country": "사모아", "city": "아피아", "region": "Oceania", "tz": "Pacific/Apia" },

  { "id": "middleeast-riyadh", "country": "사우디아라비아", "city": "리야드", "region": "Middle East", "tz": "Asia/Riyadh" },
  { "id": "middleeast-jeddah", "country": "사우디아라비아", "city": "지다", "region": "Middle East", "tz": "Asia/Riyadh" },
  { "id": "middleeast-doha", "country": "카타르", "city": "도하", "region": "Middle East", "tz": "Asia/Qatar" },
  { "id": "middleeast-kuwait", "country": "쿠웨이트", "city": "쿠웨이트시티", "region": "Middle East", "tz": "Asia/Kuwait" },
  { "id": "middleeast-muscat", "country": "오만", "city": "무스카트", "region": "Middle East", "tz": "Asia/Muscat" },
  { "id": "middleeast-abu-dhabi", "country": "아랍에미리트", "city": "아부다비", "region": "Middle East", "tz": "Asia/Dubai" },
  { "id": "middleeast-doha-alt", "country": "카타르", "city": "도하(중복예시)", "region": "Middle East", "tz": "Asia/Qatar" },
  { "id": "middleeast-bahrain", "country": "바레인", "city": "마나마", "region": "Middle East", "tz": "Asia/Bahrain" },
  { "id": "middleeast-amman", "country": "요르단", "city": "암만", "region": "Middle East", "tz": "Asia/Amman" },
  { "id": "asia-pyongyang", "country": "북한", "city": "평양", "region": "Asia", "tz": "Asia/Pyongyang" },
  { "id": "asia-sanaa", "country": "예멘", "city": "사나", "region": "Asia", "tz": "Asia/Aden" },

  { "id": "america-san-jose", "country": "미국", "city": "산호세", "region": "Americas", "tz": "America/Los_Angeles" },
  { "id": "america-san-diego", "country": "미국", "city": "샌디에이고", "region": "Americas", "tz": "America/Los_Angeles" },

  { "id": "america-medellin", "country": "콜롬비아", "city": "메데인", "region": "Americas", "tz": "America/Bogota" },
  { "id": "america-san-salvador", "country": "엘살바도르", "city": "산살바도르", "region": "Americas", "tz": "America/El_Salvador" },
  { "id": "america-tegucigalpa", "country": "온두라스", "city": "테구시갈파", "region": "Americas", "tz": "America/Tegucigalpa" },
  { "id": "america-managua", "country": "니카라과", "city": "마나과", "region": "Americas", "tz": "America/Managua" },
  { "id": "america-port-au-prince", "country": "아이티", "city": "포르토프랭스", "region": "Americas", "tz": "America/Port-au-Prince" },
  { "id": "america-kingston", "country": "자메이카", "city": "킹스턴", "region": "Americas", "tz": "America/Jamaica" },

  { "id": "africa-dar-es-salaam", "country": "탄자니아", "city": "다르에스살람", "region": "Africa", "tz": "Africa/Dar_es_Salaam" },
  { "id": "africa-maputo", "country": "모잠비크", "city": "마푸토", "region": "Africa", "tz": "Africa/Maputo" },
  { "id": "africa-lusaka", "country": "잠비아", "city": "루사카", "region": "Africa", "tz": "Africa/Lusaka" },
  { "id": "africa-windhoek", "country": "나미비아", "city": "빈트후크", "region": "Africa", "tz": "Africa/Windhoek" },
  { "id": "africa-gaborone", "country": "보츠와나", "city": "가보로네", "region": "Africa", "tz": "Africa/Gaborone" },
  { "id": "africa-yaounde", "country": "카메룬", "city": "야운데", "region": "Africa", "tz": "Africa/Douala" },
  { "id": "africa-kinshasa", "country": "콩고민주공화국", "city": "킨샤사", "region": "Africa", "tz": "Africa/Kinshasa" },
  { "id": "africa-khartoum", "country": "수단", "city": "하르툼", "region": "Africa", "tz": "Africa/Khartoum" },

  { "id": "oceania-noumea", "country": "뉴칼레도니아", "city": "누메아", "region": "Oceania", "tz": "Pacific/Noumea" },
  { "id": "oceania-honiara", "country": "솔로몬 제도", "city": "호니아라", "region": "Oceania", "tz": "Pacific/Guadalcanal" },
  { "id": "oceania-nukualofa", "country": "통가", "city": "누쿠알로파", "region": "Oceania", "tz": "Pacific/Tongatapu" }

]
